wc,date_clean,coach_id,coach,brazil_score,opponent,opponent_score,win,loss,draw,result,venue,city,country,official,competition,wc_quali,wc_match,tenure_count,overall_count,wc_count
1994,30/10/1991,Parreira-94,Carlos Alberto Parreira,3,Iugoslávia,1,1,0,0,W,Estádio Municipal Prefeito Dilzon Luís de Melo,Varginha,Brasil,1,0,0,0,1,15,0
1994,18/12/1991,Parreira-94,Carlos Alberto Parreira,2,Tchecoslováquia,1,1,0,0,W,Estádio Serra Dourada,Goiânia,Brasil,1,0,0,0,2,16,0
1994,26/02/1992,Parreira-94,Carlos Alberto Parreira,3,Estados Unidos,0,1,0,0,W,Estádio Castelão,Fortaleza,Brasil,1,0,0,0,3,17,0
1994,15/04/1992,Parreira-94,Carlos Alberto Parreira,3,Finlândia,1,1,0,0,W,Estádio José Fragelli,Cuiabá,Brasil,1,0,0,0,4,18,0
1994,30/04/1992,Parreira-94,Carlos Alberto Parreira,0,Uruguai,1,0,1,0,L,Estádio Centenario,Montevidéu,Uruguai,1,0,0,0,5,19,0
1994,17/05/1992,Parreira-94,Carlos Alberto Parreira,1,Inglaterra,1,0,0,1,D,Estádio de Wembley,Londres,Inglaterra,1,0,0,0,6,20,0
1994,19/05/1992,Parreira-94,Carlos Alberto Parreira,1,Milan (ITA),0,1,0,0,W,Stadio Comunale Giuseppe Meazza,Milan,Itália,0,0,0,0,6,20,0
1994,31/07/1992,Parreira-94,Carlos Alberto Parreira,5,México,0,1,0,0,W,Los Angeles Memorial Coliseum,Los Angeles,Estados Unidos,1,1,0,0,7,21,0
1994,2/8/92,Parreira-94,Carlos Alberto Parreira,1,Estados Unidos,0,1,0,0,W,Los Angeles Memorial Coliseum,Los Angeles,Estados Unidos,1,1,0,0,8,22,0
1994,26/08/1992,Parreira-94,Carlos Alberto Parreira,2,França,0,1,0,0,W,Stade Parc des Princes,Paris,França,1,0,0,0,9,23,0
1994,23/09/1992,Parreira-94,Carlos Alberto Parreira,4,Costa Rica,2,1,0,0,W,Estádio Municipal Rubens Felippe,Paranavaí,Brasil,1,0,0,0,10,24,0
1994,25/11/1992,Parreira-94,Carlos Alberto Parreira,1,Uruguai,2,0,1,0,L,Estádio Ernâni Sátyro,Campina Grande,Brasil,1,0,0,0,11,25,0
1994,16/12/1992,Parreira-94,Carlos Alberto Parreira,3,Alemanha,1,1,0,0,W,Estádio Gigante Da Beira-Rio,Porto Alegre,Brasil,1,0,0,0,12,26,0
1994,18/02/1993,Parreira-94,Carlos Alberto Parreira,1,Argentina,1,0,0,1,D,Estádio Monumental de Nuñez,Buenos Aires,Argentina,1,1,0,0,13,27,0
1994,17/03/1993,Parreira-94,Carlos Alberto Parreira,2,Polônia,2,0,0,1,D,Estádio Santa Cruz,Ribeirão Preto,Brasil,1,0,0,0,14,28,0
1994,6/6/93,Parreira-94,Carlos Alberto Parreira,2,Estados Unidos,0,1,0,0,W,Estádio Yale Bowl,New Haven,Estados Unidos,1,1,0,0,15,29,0
1994,10/6/93,Parreira-94,Carlos Alberto Parreira,3,Alemanha,3,0,0,1,D,RFK Stadium,Washington,Estados Unidos,1,1,0,0,16,30,0
1994,13/06/1993,Parreira-94,Carlos Alberto Parreira,1,Inglaterra,1,0,0,1,D,RFK Stadium,Washington,Estados Unidos,1,1,0,0,17,31,0
1994,18/06/1993,Parreira-94,Carlos Alberto Parreira,0,Peru,0,0,0,1,D,Estádio Alejandro Serrano Aguilar,Cuenca,Equador,1,1,0,0,18,32,0
1994,21/06/1993,Parreira-94,Carlos Alberto Parreira,2,Chile,3,0,1,0,L,Estádio Alejandro Serrano Aguilar,Cuenca,Equador,1,1,0,0,19,33,0
1994,24/06/1993,Parreira-94,Carlos Alberto Parreira,3,Paraguai,0,1,0,0,W,Estádio Alejandro Serrano Aguilar,Cuenca,Equador,1,1,0,0,20,34,0
1994,27/06/1993,Parreira-94,Carlos Alberto Parreira,1,Argentina,1,0,0,1,D,Estádio Monumental Isidro Romero Carbo,Guayaquil,Equador,1,1,0,0,21,35,0
1994,14/07/1993,Parreira-94,Carlos Alberto Parreira,2,Paraguai,0,1,0,0,W,Estádio de São Januário,Rio de Janeiro,Brasil,1,0,0,0,22,36,0
1994,18/07/1993,Parreira-94,Carlos Alberto Parreira,0,Equador,0,0,0,1,D,Estádio Monumental Isidro Romero Carbo,Guayaquil,Equador,1,1,1,0,23,37,0
1994,25/07/1993,Parreira-94,Carlos Alberto Parreira,0,Bolívia,2,0,1,0,L,Estádio Hernando Siles,La Paz,Bolívia,1,1,1,0,24,38,0
1994,1/8/93,Parreira-94,Carlos Alberto Parreira,5,Venezuela,1,1,0,0,W,Estádio Nacional Polideportivo Pueblo Novo,San Cristóbal,Venezuela,1,1,1,0,25,39,0
1994,8/8/93,Parreira-94,Carlos Alberto Parreira,1,México,1,0,0,1,D,Estádio Rei Pelé,Maceió,Brasil,1,0,0,0,26,40,0
1994,15/08/1993,Parreira-94,Carlos Alberto Parreira,1,Uruguai,1,0,0,1,D,Estádio Centenario,Montevidéu,Uruguai,1,1,1,0,27,41,0
1994,22/08/1993,Parreira-94,Carlos Alberto Parreira,2,Equador,0,1,0,0,W,Estádio do Morumbi,São Paulo,Brasil,1,1,1,0,28,42,0
1994,29/08/1993,Parreira-94,Carlos Alberto Parreira,6,Bolívia,0,1,0,0,W,Estádio Colosso do Arruda,Recife,Brasil,1,1,1,0,29,43,0
1994,5/9/93,Parreira-94,Carlos Alberto Parreira,4,Venezuela,0,1,0,0,W,Estádio Mineirão,Belo Horizonte,Brasil,1,1,1,0,30,44,0
1994,19/09/1993,Parreira-94,Carlos Alberto Parreira,2,Uruguai,0,1,0,0,W,Estádio do Maracanã,Rio de Janeiro,Brasil,1,1,1,0,31,45,0
1994,17/11/1993,Parreira-94,Carlos Alberto Parreira,1,Alemanha,2,0,1,0,L,Mungersdorfer Stadion,Köln,Alemanha,1,0,0,0,32,46,0
1994,16/12/1993,Parreira-94,Carlos Alberto Parreira,1,México,0,1,0,0,W,Estádio Jalisco,Guadalajara,México,1,0,0,0,33,47,0
1994,23/03/1994,Parreira-94,Carlos Alberto Parreira,2,Argentina,0,1,0,0,W,Estádio Colosso do Arruda,Recife,Brasil,1,0,0,0,34,48,0
1994,20/04/1994,Parreira-94,Carlos Alberto Parreira,0,Paris Saint-Germain (FRA),0,0,0,1,D,Stade Parc des Princes,Paris,França,0,0,0,0,34,48,0
1994,4/5/94,Parreira-94,Carlos Alberto Parreira,3,Islândia,0,1,0,0,W,Estádio da Ressacada,Florianópolis,Brasil,1,0,0,0,35,49,0
1994,5/6/94,Parreira-94,Carlos Alberto Parreira,1,Canadá,1,0,0,1,D,Edmonton Commonwealth Stadium,Edmonton,Canadá,1,0,0,0,36,50,0
1994,8/6/94,Parreira-94,Carlos Alberto Parreira,8,Honduras,2,1,0,0,W,Estádio Jack Murphy,San Diego,Estados Unidos,1,0,0,0,37,51,0
1994,12/6/94,Parreira-94,Carlos Alberto Parreira,4,El Salvador,0,1,0,0,W,Bulldog Football Stadium,Fresno,Estados Unidos,1,0,0,0,38,52,0
1998,23/12/1994,Zagallo-98,Zagallo,2,Iugoslávia,0,1,0,0,W,Estádio Olímpico Monumental,Porto Alegre,Brasil,1,0,0,0,1,53,13
1998,22/02/1995,Zagallo-98,Zagallo,5,Eslováquia,0,1,0,0,W,Estádio Castelão,Fortaleza,Brasil,1,0,0,0,2,54,13
1998,29/03/1995,Zagallo-98,Zagallo,1,Honduras,1,0,0,1,D,Estádio Serra Dourada,Goiânia,Brasil,1,0,0,0,3,55,13
1998,27/04/1995,Zagallo-98,Zagallo,4,Valência (ESP),2,1,0,0,W,Estádio Luís Casanova,Valência,Espanha,0,0,0,0,3,55,13
1998,17/05/1995,Zagallo-98,Zagallo,2,Israel,1,1,0,0,W,Estádio Ramat Gan,Ramat Gan,Israel,1,0,0,0,4,56,13
1998,4/6/95,Zagallo-98,Zagallo,1,Suécia,0,1,0,0,W,Estádio Villa Park,Birmingham,Inglaterra,1,1,0,0,5,57,13
1998,6/6/95,Zagallo-98,Zagallo,3,Japão,0,1,0,0,W,Estádio Goodison Park,Liverpool,Inglaterra,1,1,0,0,6,58,13
1998,11/6/95,Zagallo-98,Zagallo,3,Inglaterra,1,1,0,0,W,Estádio Wembley,Londres,Inglaterra,1,1,0,0,7,59,13
1998,29/06/1995,Zagallo-98,Zagallo,2,Polônia,1,1,0,0,W,Estádio Colosso do Arruda,Recife,Brasil,1,1,0,0,8,60,13
1998,7/7/95,Zagallo-98,Zagallo,1,Equador,0,1,0,0,W,Estádio Atilio Paiva Oliveira,Rivera,Uruguai,1,1,0,0,9,61,13
1998,10/7/95,Zagallo-98,Zagallo,2,Peru,0,1,0,0,W,Estádio Atilio Paiva Oliveira,Rivera,Uruguai,1,1,0,0,10,62,13
1998,13/07/1995,Zagallo-98,Zagallo,3,Colômbia,0,1,0,0,W,Estádio Atilio Paiva Oliveira,Rivera,Uruguai,1,1,0,0,11,63,13
1998,17/07/1995,Zagallo-98,Zagallo,2,Argentina,2,0,0,1,D,Estádio Atilio Paiva Oliveira,Rivera,Uruguai,1,1,0,0,12,64,13
1998,20/07/1995,Zagallo-98,Zagallo,1,Estados Unidos,0,1,0,0,W,Estádio Domingo Burgueño,Maldonado,Uruguai,1,1,0,0,13,65,13
1998,23/07/1995,Zagallo-98,Zagallo,1,Uruguai,1,0,0,1,D,Estádio Centenario,Montevidéu,Uruguai,1,1,0,0,14,66,13
1998,9/8/95,Zagallo-98,Zagallo,5,Japão,1,1,0,0,W,Estádio National Olympic,Tóquio,Japão,1,0,0,0,15,67,13
1998,12/8/95,Zagallo-98,Zagallo,1,Coréia do Sul,0,1,0,0,W,Estádio Suwon Civic,Seul,Coréia do Sul,1,0,0,0,16,68,13
1998,27/09/1995,Zagallo-98,Zagallo,2,Romênia,2,0,0,1,D,Estádio Mineirão,Belo Horizonte,Brasil,1,0,0,0,17,69,13
1998,11/10/95,Zagallo-98,Zagallo,2,Uruguai,0,1,0,0,W,Estádio da Fonte Nova,Salvador,Brasil,1,0,0,0,18,70,13
1998,8/11/95,Zagallo-98,Zagallo,1,Argentina,0,1,0,0,W,Estádio Monumental de Nuñez,Buenos Aires,Argentina,1,1,0,0,19,71,13
1998,20/12/1995,Zagallo-98,Zagallo,3,Colômbia,1,1,0,0,W,Estádio Vivaldo Lima,Manaus,Brasil,1,0,0,0,20,72,13
1998,12/1/96,Zagallo-98,Zagallo,4,Canadá,1,1,0,0,W,Estádio Los Angeles Memorial Coliseum,Los Angeles,Estados Unidos,1,1,0,0,21,73,13
1998,14/01/1996,Zagallo-98,Zagallo,5,Honduras,0,1,0,0,W,Estádio Los Angeles Memorial Coliseum,Los Angeles,Estados Unidos,1,1,0,0,22,74,13
1998,18/01/1996,Zagallo-98,Zagallo,1,Estados Unidos,0,1,0,0,W,Estádio Los Angeles Memorial Coliseum,Los Angeles,Estados Unidos,1,1,0,0,23,75,13
1998,21/01/1996,Zagallo-98,Zagallo,0,México,2,0,1,0,L,Estádio Los Angeles Memorial Coliseum,Los Angeles,Estados Unidos,1,1,0,0,24,76,13
1998,27/03/1996,Zagallo-98,Zagallo,8,Gana,2,1,0,0,W,Estádio Benedito Teixeira,São José do Rio Preto,Brasil,1,0,0,0,25,77,13
1998,24/04/1996,Zagallo-98,Zagallo,3,África Do Sul,2,1,0,0,W,Estádio First National Bank,Johanesburgo,África do Sul,1,0,0,0,26,78,13
1998,22/05/1996,Zagallo-98,Zagallo,1,Croácia,1,0,0,1,D,Estádio Vivaldo Lima,Manaus,Brasil,1,0,0,0,27,79,13
1998,26/06/1996,Zagallo-98,Zagallo,3,Polônia,1,1,0,0,W,Estádio Engenheiro Alencar Araripe,Cariacica,Brasil,1,0,0,0,28,80,13
1998,28/08/1996,Zagallo-98,Zagallo,2,Rússia,2,0,0,1,D,Estádio Dinamo,Moscou,Rússia,1,0,0,0,29,81,13
1998,31/08/1996,Zagallo-98,Zagallo,2,Holanda,2,0,0,1,D,Amsterdam Arena,Amsterdam,Holanda,1,0,0,0,30,82,13
1998,16/10/1996,Zagallo-98,Zagallo,3,Lituânia,1,1,0,0,W,Estádio Alberto Silva,Teresina,Brasil,1,0,0,0,31,83,13
1998,13/11/1996,Zagallo-98,Zagallo,2,Camarões,0,1,0,0,W,Complexo Esportivo Pinheirão,Curitiba,Brasil,1,0,0,0,32,84,13
1998,18/12/1996,Zagallo-98,Zagallo,1,Bósnia-Herzegovina,0,1,0,0,W,Estádio Vivaldo Lima,Manaus,Brasil,1,0,0,0,33,85,13
1998,26/02/1997,Zagallo-98,Zagallo,4,Polônia,2,1,0,0,W,Estádio Serra Dourada,Goiânia,Brasil,1,0,0,0,34,86,13
1998,2/4/97,Zagallo-98,Zagallo,4,Chile,0,1,0,0,W,Estádio Mané Garrincha,Brasília,Brasil,1,0,0,0,35,87,13
1998,30/04/1997,Zagallo-98,Zagallo,4,México,0,1,0,0,W,Estádio Orange Bowl,Miami,Estados Unidos,1,0,0,0,36,88,13
1998,30/05/1997,Zagallo-98,Zagallo,2,Noruega,4,0,1,0,L,Ullevaal Stadion,Oslo,Noruega,1,0,0,0,37,89,13
1998,3/6/97,Zagallo-98,Zagallo,1,França,1,0,0,1,D,Stade Gerland,Lyon,França,1,1,0,0,38,90,13
1998,8/6/97,Zagallo-98,Zagallo,3,Itália,3,0,0,1,D,Stade Gerland,Lyon,França,1,1,0,0,39,91,13
1998,10/6/97,Zagallo-98,Zagallo,1,Inglaterra,0,1,0,0,W,Stade Parc des Princes,Paris,França,1,1,0,0,40,92,13
1998,13/06/1997,Zagallo-98,Zagallo,5,Costa Rica,0,1,0,0,W,Estádio Tahuichi Aguilera,Santa Cruz de La Sierra,Bolívia,1,1,0,0,41,93,13
1998,16/06/1997,Zagallo-98,Zagallo,3,México,2,1,0,0,W,Estádio Tahuichi Aguilera,Santa Cruz de La Sierra,Bolívia,1,1,0,0,42,94,13
1998,19/06/1997,Zagallo-98,Zagallo,2,Colômbia,0,1,0,0,W,Estádio Tahuichi Aguilera,Santa Cruz de La Sierra,Bolívia,1,1,0,0,43,95,13
1998,22/06/1997,Zagallo-98,Zagallo,2,Paraguai,0,1,0,0,W,Estádio Tahuichi Aguilera,Santa Cruz de La Sierra,Bolívia,1,1,0,0,44,96,13
1998,26/06/1997,Zagallo-98,Zagallo,7,Peru,0,1,0,0,W,Estádio Tahuichi Aguilera,Santa Cruz de La Sierra,Bolívia,1,1,0,0,45,97,13
1998,29/06/1997,Zagallo-98,Zagallo,3,Bolívia,1,1,0,0,W,Estádio Hernando Siles,La Paz,Bolívia,1,1,0,0,46,98,13
1998,10/8/97,Zagallo-98,Zagallo,2,Coréia Do Sul,1,1,0,0,W,Estádio Chamsil Olympic,Seul,Coréia do Sul,1,0,0,0,47,99,13
1998,13/08/1997,Zagallo-98,Zagallo,3,Japão,0,1,0,0,W,Estádio Nagai,Osaka,Japão,1,0,0,0,48,100,13
1998,10/9/97,Zagallo-98,Zagallo,4,Equador,2,1,0,0,W,Estádio da Fonte Nova,Salvador,Brasil,1,0,0,0,49,101,13
1998,9/10/97,Zagallo-98,Zagallo,2,Marrocos,0,1,0,0,W,Estádio Mangueirão,Belém,Brasil,1,0,0,0,50,102,13
1998,11/11/97,Zagallo-98,Zagallo,3,País de Gales,0,1,0,0,W,Estádio Mané Garrincha,Brasília,Brasil,1,0,0,0,51,103,13
1998,7/12/97,Zagallo-98,Zagallo,2,África do Sul,1,1,0,0,W,Estádio Ellis Park,Johanesburgo,África do Sul,1,0,0,0,52,104,13
1998,12/12/97,Zagallo-98,Zagallo,3,Arábia Saudita,0,1,0,0,W,Estádio King Fahad International,Riyadh,Arábia Saudita,1,1,0,0,53,105,13
1998,14/12/1997,Zagallo-98,Zagallo,0,Austrália,0,0,0,1,D,Estádio King Fahad International,Riyadh,Arábia Saudita,1,1,0,0,54,106,13
1998,16/12/1997,Zagallo-98,Zagallo,3,México,2,1,0,0,W,Estádio King Fahad International,Riyadh,Arábia Saudita,1,1,0,0,55,107,13
1998,19/12/1997,Zagallo-98,Zagallo,2,República Tcheca,0,1,0,0,W,Estádio King Fahad International,Riyadh,Arábia Saudita,1,1,0,0,56,108,13
1998,21/12/1997,Zagallo-98,Zagallo,6,Austrália,0,1,0,0,W,Estádio King Fahad International,Riyadh,Arábia Saudita,1,1,0,0,57,109,13
1998,3/2/98,Zagallo-98,Zagallo,0,Jamaica,0,0,0,1,D,Estádio Orange Bowl,Miami,Estados Unidos,1,1,0,0,58,110,13
1998,5/2/98,Zagallo-98,Zagallo,1,Guatemala,1,0,0,1,D,Estádio Orange Bowl,Miami,Estados Unidos,1,1,0,0,59,111,13
1998,8/2/98,Zagallo-98,Zagallo,4,El Salvador,0,1,0,0,W,Los Angeles Memorial Coliseum,Los Angeles,Estados Unidos,1,1,0,0,60,112,13
1998,10/2/98,Zagallo-98,Zagallo,0,Estados Unidos,1,0,1,0,L,Los Angeles Memorial Coliseum,Los Angeles,Estados Unidos,1,1,0,0,61,113,13
1998,15/02/1998,Zagallo-98,Zagallo,1,Jamaica,0,1,0,0,W,Los Angeles Memorial Coliseum,Los Angeles,Estados Unidos,1,1,0,0,62,114,13
1998,25/03/1998,Zagallo-98,Zagallo,2,Alemanha,1,1,0,0,W,Estádio Gottlieb-Daimler,Stuttgart,Alemanha,1,0,0,0,63,115,13
1998,29/04/1998,Zagallo-98,Zagallo,0,Argentina,1,0,1,0,L,Estádio do Maracanã,Rio de Janeiro,Brasil,1,0,0,0,64,116,13
1998,31/05/1998,Zagallo-98,Zagallo,1,Athletic Bilbao (ESP),1,0,0,1,D,Estádio San Mamés,Bilbao,Espanha,0,0,0,0,64,116,13
1998,3/6/98,Zagallo-98,Zagallo,3,Andorra,0,1,0,0,W,Stade Municipal de Paris,Saint-Ouen-Sur-Seine,França,1,0,0,0,65,117,13
2002,1/7/01,Scolari-02,Luiz Felipe Scolari,0,Uruguai,1,0,1,0,L,Estádio Centenario,Montevideo,Uruguai,1,1,1,0,1,1,0
2002,12/7/01,Scolari-02,Luiz Felipe Scolari,0,México,1,0,1,0,L,Estádio Pascual Guerrero,Cali,Colômbia,1,1,0,0,2,2,0
2002,15/07/2001,Scolari-02,Luiz Felipe Scolari,2,Peru,0,1,0,0,W,Estádio Pascual Guerrero,Cali,Colômbia,1,1,0,0,3,3,0
2002,18/07/2001,Scolari-02,Luiz Felipe Scolari,3,Paraguai,1,1,0,0,W,Estádio Pascual Guerrero,Cali,Colômbia,1,1,0,0,4,4,0
2002,9/8/01,Scolari-02,Luiz Felipe Scolari,5,Panamá,0,1,0,0,W,Arena da Baixada,Curitiba,Brasil,1,0,0,0,5,5,0
2002,15/08/2001,Scolari-02,Luiz Felipe Scolari,2,Paraguai,0,1,0,0,W,Estádio Olímpico Monumental,Porto Alegre,Brasil,1,1,1,0,6,6,0
2002,5/9/01,Scolari-02,Luiz Felipe Scolari,1,Argentina,2,0,1,0,L,Estádio Monumental de Nuñez,Buenos Aires,Argentina,1,1,1,0,7,7,0
2002,7/10/01,Scolari-02,Luiz Felipe Scolari,2,Chile,0,1,0,0,W,Estádio Couto Pereira,Curitiba,Brasil,1,1,1,0,8,8,0
2002,7/11/01,Scolari-02,Luiz Felipe Scolari,1,Bolívia,3,0,1,0,L,Estádio Hernando Siles,La Paz,Bolívia,1,1,1,0,9,9,0
2002,14/11/2001,Scolari-02,Luiz Felipe Scolari,3,Venezuela,0,1,0,0,W,Estádio Castelão,São Luís,Brasil,1,1,1,0,10,10,0
2002,31/01/2002,Scolari-02,Luiz Felipe Scolari,6,Bolívia,0,1,0,0,W,Estádio Serra Dourada,Goiânia,Brasil,1,0,0,0,11,11,0
2002,6/2/02,Scolari-02,Luiz Felipe Scolari,1,Arábia Saudita,0,1,0,0,W,Estádio King Fahad International,Riyadh,Arábia Saudita,1,0,0,0,12,12,0
2002,7/3/02,Scolari-02,Luiz Felipe Scolari,6,Islândia,1,1,0,0,W,Estádio José Fragelli,Cuiabá,Brasil,1,0,0,0,13,13,0
2002,27/03/2002,Scolari-02,Luiz Felipe Scolari,1,Iugoslávia,0,1,0,0,W,Estádio Castelão,Fortaleza,Brasil,1,0,0,0,14,14,0
2002,17/04/2002,Scolari-02,Luiz Felipe Scolari,1,Portugal,1,0,0,1,D,Estádio José Alvalade,Lisboa,Portugal,1,0,0,0,15,15,0
2002,18/05/2002,Scolari-02,Luiz Felipe Scolari,3,Catalunha,1,1,0,0,W,Estádio Camp Nou,Barcelona,Espanha,0,0,0,0,15,15,0
2002,25/05/2002,Scolari-02,Luiz Felipe Scolari,4,Malásia,0,1,0,0,W,Estádio Nasional Bulkit Jalil,Kuala Lumpur,Malásia,1,0,0,0,16,16,0
2002,21/08/2002,Scolari-02,Luiz Felipe Scolari,0,Paraguai,1,0,1,0,L,Estádio Castelão,Fortaleza,Brasil,1,0,0,0,17,17,0
2006,12/2/03,Parreira-06,Carlos Alberto Parreira,0,China,0,0,0,1,D,Guandong Olympic,Guangzhou,China,1,0,0,0,1,59,7
2006,29/03/2003,Parreira-06,Carlos Alberto Parreira,1,Portugal,2,0,1,0,L,Estádio das Antas,Porto,Portugal,1,0,0,0,2,60,7
2006,30/04/2003,Parreira-06,Carlos Alberto Parreira,0,México,0,0,0,1,D,Estádio Jalisco,Guadalajara,México,1,0,0,0,3,61,7
2006,11/6/03,Parreira-06,Carlos Alberto Parreira,3,Nigéria,0,1,0,0,W,Abuja National Soccer Field,Abuja,Nigéria,1,0,0,0,4,62,7
2006,19/06/2003,Parreira-06,Carlos Alberto Parreira,0,Camarões,1,0,1,0,L,Stade de France,Saint-Denis,França,1,1,0,0,5,63,7
2006,21/06/2003,Parreira-06,Carlos Alberto Parreira,1,Estados Unidos,0,1,0,0,W,Stade Gerland,Lyon,França,1,1,0,0,6,64,7
2006,23/06/2003,Parreira-06,Carlos Alberto Parreira,2,Turquia,2,0,0,1,D,Stade Geoffroy-Guichard,Saint-Étienne,França,1,1,0,0,7,65,7
2006,7/9/03,Parreira-06,Carlos Alberto Parreira,2,Colômbia,1,1,0,0,W,Estádio Metropolitano Roberto Meléndez,Barranquilla,Colômbia,1,0,1,0,8,66,7
2006,10/9/03,Parreira-06,Carlos Alberto Parreira,1,Equador,0,1,0,0,W,Estádio Vivaldo Lima,Manaus,Brasil,1,0,1,0,9,67,7
2006,12/10/03,Parreira-06,Carlos Alberto Parreira,1,Jamaica,0,1,0,0,W,Walkers Stadium,Leicester,Inglaterra,1,0,0,0,10,68,7
2006,16/11/2003,Parreira-06,Carlos Alberto Parreira,1,Peru,1,0,0,1,D,Estádio Monumental,Lima,Peru,1,0,1,0,11,69,7
2006,19/11/2003,Parreira-06,Carlos Alberto Parreira,3,Uruguai,3,0,0,1,D,Complexo Esportivo Pinheirão,Curitiba,Brasil,1,0,1,0,12,70,7
2006,18/02/2004,Parreira-06,Carlos Alberto Parreira,0,Irlanda,0,0,0,1,D,Lansdowne Road Stadium,Dublin,Irlanda,1,0,0,0,13,71,7
2006,31/03/2004,Parreira-06,Carlos Alberto Parreira,0,Paraguai,0,0,0,1,D,Estádio Defensores del Chaco,Asunción,Paraguai,1,1,1,0,14,72,7
2006,28/04/2004,Parreira-06,Carlos Alberto Parreira,4,Hungria,1,1,0,0,W,Férenc Puskás-Stadion,Budapest,Hungria,1,0,0,0,15,73,7
2006,20/05/2004,Parreira-06,Carlos Alberto Parreira,0,França,0,0,0,1,D,Stade de France,Saint-Denis,França,1,0,0,0,16,74,7
2006,25/05/2004,Parreira-06,Carlos Alberto Parreira,5,Catalunha,2,1,0,0,W,Estádio Camp Nou,Barcelona,Espanha,0,0,0,0,16,74,7
2006,2/6/04,Parreira-06,Carlos Alberto Parreira,3,Argentina,1,1,0,0,W,Estádio Mineirão,Belo Horizonte,Brasil,1,1,1,0,17,75,7
2006,6/6/04,Parreira-06,Carlos Alberto Parreira,1,Chile,1,0,0,1,D,Estádio Nacional,Santiago,Chile,1,1,1,0,18,76,7
2006,8/7/04,Parreira-06,Carlos Alberto Parreira,1,Chile,0,1,0,0,W,Estádio Monumental de la Universidad,Arequipa,Peru,1,1,0,0,19,77,7
2006,11/7/04,Parreira-06,Carlos Alberto Parreira,4,Costa Rica,1,1,0,0,W,Estádio Monumental de la Universidad,Arequipa,Peru,1,1,0,0,20,78,7
2006,14/07/2004,Parreira-06,Carlos Alberto Parreira,1,Paraguai,2,0,1,0,L,Estádio Monumental de la Universidad,Arequipa,Peru,1,1,0,0,21,79,7
2006,18/07/2004,Parreira-06,Carlos Alberto Parreira,4,México,0,1,0,0,W,Estádio Miguel Grau,Piura,Peru,1,1,0,0,22,80,7
2006,21/07/2004,Parreira-06,Carlos Alberto Parreira,1,Uruguai,1,0,0,1,D,Estádio Nacional del Peru,Lima,Peru,1,1,0,0,23,81,7
2006,25/07/2004,Parreira-06,Carlos Alberto Parreira,2,Argentina,2,0,0,1,D,Estádio Nacional del Peru,Lima,Peru,1,1,0,0,24,82,7
2006,18/08/2004,Parreira-06,Carlos Alberto Parreira,6,Haiti,0,1,0,0,W,Stade Sylvio Cator,Port-Au-Prince,Haiti,1,0,0,0,25,83,7
2006,5/9/04,Parreira-06,Carlos Alberto Parreira,3,Bolívia,1,1,0,0,W,Estádio do Morumbi,São Paulo,Brasil,1,1,1,0,26,84,7
2006,8/9/04,Parreira-06,Carlos Alberto Parreira,1,Alemanha,1,0,0,1,D,Olympiastadion,Berlin,Alemanha,1,0,0,0,27,85,7
2006,9/10/04,Parreira-06,Carlos Alberto Parreira,5,Venezuela,2,1,0,0,W,Estádio José Pachenco Romero,Maracaibo,Venezuela,1,1,1,0,28,86,7
2006,13/10/2004,Parreira-06,Carlos Alberto Parreira,0,Colômbia,0,0,0,1,D,Estádio Rei Pelé,Maceió,Brasil,1,1,1,0,29,87,7
2006,17/11/2004,Parreira-06,Carlos Alberto Parreira,0,Equador,1,0,1,0,L,Estádio Olímpico Atahualpa,Quito,Equador,1,1,1,0,30,88,7
2006,9/2/05,Parreira-06,Carlos Alberto Parreira,7,Hong Kong,1,1,0,0,W,Hong Kong Stadium,Hong Kong,Hong Kong,1,1,0,0,31,89,7
2006,27/03/2005,Parreira-06,Carlos Alberto Parreira,1,Peru,0,1,0,0,W,Estádio Serra Dourada,Goiânia,Brasil,1,1,1,0,32,90,7
2006,30/03/2005,Parreira-06,Carlos Alberto Parreira,1,Uruguai,1,0,0,1,D,Estádio Centenario,Montevideo,Uruguai,1,1,1,0,33,91,7
2006,27/04/2005,Parreira-06,Carlos Alberto Parreira,3,Guatemala,0,1,0,0,W,Estádio do Pacaembu,São Paulo,Brasil,1,0,0,0,34,92,7
2006,5/6/05,Parreira-06,Carlos Alberto Parreira,4,Paraguai,1,1,0,0,W,Estádio Gigante da Beira-Rio,Porto Alegre,Brasil,1,1,1,0,35,93,7
2006,8/6/05,Parreira-06,Carlos Alberto Parreira,1,Argentina,3,0,1,0,L,Estádio Monumental de Nuñez,Buenos Aires,Argentina,1,1,1,0,36,94,7
2006,16/06/2005,Parreira-06,Carlos Alberto Parreira,3,Grécia,0,1,0,0,W,Zentralstadion,Leipzig,Alemanha,1,1,0,0,37,95,7
2006,19/06/2005,Parreira-06,Carlos Alberto Parreira,0,México,1,0,1,0,L,AWD Arena,Hannover,Alemanha,1,1,0,0,38,96,7
2006,22/06/2005,Parreira-06,Carlos Alberto Parreira,2,Japão,2,0,0,1,D,Rhein Energie Stadion,Köln,Alemanha,1,1,0,0,39,97,7
2006,25/06/2005,Parreira-06,Carlos Alberto Parreira,3,Alemanha,2,1,0,0,W,Frankenstadion,Nürnberg,Alemanha,1,1,0,0,40,98,7
2006,29/06/2005,Parreira-06,Carlos Alberto Parreira,4,Argentina,1,1,0,0,W,Waldstadion,Frankfurt,Alemanha,1,1,0,0,41,99,7
2006,17/08/2005,Parreira-06,Carlos Alberto Parreira,1,Croácia,1,0,0,1,D,Poljud Stadium,Split,Croácia,1,0,0,0,42,100,7
2006,4/9/05,Parreira-06,Carlos Alberto Parreira,5,Chile,0,1,0,0,W,Estádio Mané Garrincha,Brasília,Brasil,1,1,1,0,43,101,7
2006,6/9/05,Parreira-06,Carlos Alberto Parreira,1,Sevilla (ESP),1,0,0,1,D,Ramón Sánchez Pizjuán,Sevilla,Espanha,0,0,0,0,43,101,7
2006,9/10/05,Parreira-06,Carlos Alberto Parreira,1,Bolívia,1,0,0,1,D,Estádio Hernando Siles,La Paz,Bolívia,1,1,1,0,44,102,7
2006,12/10/05,Parreira-06,Carlos Alberto Parreira,3,Venezuela,0,1,0,0,W,Estádio Mangueirão,Belém,Brasil,1,1,1,0,45,103,7
2006,12/11/05,Parreira-06,Carlos Alberto Parreira,8,Emirados Árabes,0,1,0,0,W,Zayed Sports City,Abu Dhabi,Emirados Árabes,1,0,0,0,46,104,7
2006,1/3/06,Parreira-06,Carlos Alberto Parreira,1,Rússia,0,1,0,0,W,Lokomotiv Stadium,Moskva,Rússia,1,0,0,0,47,105,7
2006,30/05/2006,Parreira-06,Carlos Alberto Parreira,8,FC Luzern (SUI),0,1,0,0,W,St. Jakob-Parkstadion,Basel,Suíça,0,0,0,0,47,105,7
2006,4/6/06,Parreira-06,Carlos Alberto Parreira,4,Nova Zelândia,0,1,0,0,W,Stade de Genève,Genève,Suíça,1,0,0,0,48,106,7
2010,16/08/2006,Dunga-10,Dunga,1,Noruega,1,0,0,1,D,Ullevaal Stadion,Oslo,Noruega,1,0,0,0,1,1,0
2010,3/9/06,Dunga-10,Dunga,3,Argentina,0,1,0,0,W,Emirates Stadium,London,Inglaterra,1,0,0,0,2,2,0
2010,5/9/06,Dunga-10,Dunga,2,País de Gales,0,1,0,0,W,White Hart Lane,London,Inglaterra,1,0,0,0,3,3,0
2010,7/10/06,Dunga-10,Dunga,4,Al-Kuwait (KUW),0,1,0,0,W,Kuwait Sports Club Stadium,Kuwait City,Kuwait,0,0,0,0,3,3,0
2010,10/10/06,Dunga-10,Dunga,2,Equador,1,1,0,0,W,Råsunda Fotbollstadion,Solna,Suécia,1,0,0,0,4,4,0
2010,15/11/2006,Dunga-10,Dunga,2,Suíça,1,1,0,0,W,St. Jakob-Parkstadion,Basel,Suíça,1,0,0,0,5,5,0
2010,6/2/07,Dunga-10,Dunga,0,Portugal,2,0,1,0,L,Emirates Stadium,London,Inglaterra,1,0,0,0,6,6,0
2010,24/03/2007,Dunga-10,Dunga,4,Chile,0,1,0,0,W,Nya Ullevi Fotbollstadion,Göteborg,Suécia,1,0,0,0,7,7,0
2010,27/03/2007,Dunga-10,Dunga,1,Gana,0,1,0,0,W,Råsunda Fotbollstadion,Solna,Suécia,1,0,0,0,8,8,0
2010,1/6/07,Dunga-10,Dunga,1,Inglaterra,1,0,0,1,D,Wembley Stadium,London,Inglaterra,1,0,0,0,9,9,0
2010,5/6/07,Dunga-10,Dunga,0,Turquia,0,0,0,1,D,Westfalenstadion,Dortmund,Alemanha,1,0,0,0,10,10,0
2010,27/06/2007,Dunga-10,Dunga,0,México,2,0,1,0,L,Estádio Polideportivo Cachamay,Puerto Ordaz,Venezuela,1,1,0,0,11,11,0
2010,1/7/07,Dunga-10,Dunga,3,Chile,0,1,0,0,W,Estádio Monumental Juana Ramírez,Maturín,Venezuela,1,1,0,0,12,12,0
2010,4/7/07,Dunga-10,Dunga,1,Equador,0,1,0,0,W,Estádio José Antonio Anzoátegui,Puerto La Cruz,Venezuela,1,1,0,0,13,13,0
2010,7/7/07,Dunga-10,Dunga,6,Chile,1,1,0,0,W,Estádio José Antonio Anzoátegui,Puerto La Cruz,Venezuela,1,1,0,0,14,14,0
2010,10/7/07,Dunga-10,Dunga,2,Uruguai,2,0,0,1,D,Estádio José Pachenco Romero,Maracaibo,Venezuela,1,1,0,0,15,15,0
2010,15/07/2007,Dunga-10,Dunga,3,Argentina,0,1,0,0,W,Estádio José Pachenco Romero,Maracaibo,Venezuela,1,1,0,0,16,16,0
2010,22/08/2007,Dunga-10,Dunga,2,Argélia,0,1,0,0,W,Stade de La Mosson,Montpellier,França,1,0,0,0,17,17,0
2010,9/9/07,Dunga-10,Dunga,4,Estados Unidos,2,1,0,0,W,Soldier Field,Chicago,Estados Unidos,1,0,0,0,18,18,0
2010,12/9/07,Dunga-10,Dunga,3,México,1,1,0,0,W,Gillette Stadium,Foxborough,Estados Unidos,1,0,0,0,19,19,0
2010,14/10/2007,Dunga-10,Dunga,0,Colômbia,0,0,0,1,D,Estádio El Campín,Bogotá,Colômbia,1,1,1,0,20,20,0
2010,17/10/2007,Dunga-10,Dunga,5,Equador,0,1,0,0,W,Estádio do Maracanã,Rio de Janeiro,Brasil,1,1,1,0,21,21,0
2010,18/11/2007,Dunga-10,Dunga,1,Peru,1,0,0,1,D,Estádio Monumental,Lima,Peru,1,1,1,0,22,22,0
2010,21/11/2007,Dunga-10,Dunga,2,Uruguai,1,1,0,0,W,Estádio do Morumbi,São Paulo,Brasil,1,1,1,0,23,23,0
2010,31/05/2008,Dunga-10,Dunga,3,Canadá,2,1,0,0,W,Qwest Field,Seattle,Estados Unidos,1,0,0,0,24,24,0
2010,6/6/08,Dunga-10,Dunga,0,Venezuela,2,0,1,0,L,Gillette Stadium,Foxborough,Estados Unidos,1,0,0,0,25,25,0
2010,15/06/2008,Dunga-10,Dunga,0,Paraguai,2,0,1,0,L,Estádio Defensores del Chaco,Asunción,Paraguai,1,1,1,0,26,26,0
2010,18/06/2008,Dunga-10,Dunga,0,Argentina,0,0,0,1,D,Estádio Mineirão,Belo Horizonte,Brasil,1,1,1,0,27,27,0
2010,7/9/08,Dunga-10,Dunga,3,Chile,0,1,0,0,W,Estádio Nacional,Santiago,Chile,1,1,1,0,28,28,0
2010,10/9/08,Dunga-10,Dunga,0,Bolívia,0,0,0,1,D,Estádio Engenhão,Rio de Janeiro,Brasil,1,1,1,0,29,29,0
2010,12/10/08,Dunga-10,Dunga,4,Venezuela,0,1,0,0,W,Estádio Nacional Polideportivo Pueblo Novo,San Cristóbal,Venezuela,1,1,1,0,30,30,0
2010,15/10/2008,Dunga-10,Dunga,0,Colômbia,0,0,0,1,D,Estádio do Maracanã,Rio de Janeiro,Brasil,1,1,1,0,31,31,0
2010,19/11/2008,Dunga-10,Dunga,6,Portugal,2,1,0,0,W,Estádio Bezerrão,Gama,Brasil,1,0,0,0,32,32,0
2010,10/2/09,Dunga-10,Dunga,2,Itália,0,1,0,0,W,Emirates Stadium,London,Inglaterra,1,0,0,0,33,33,0
2010,29/03/2009,Dunga-10,Dunga,1,Equador,1,0,0,1,D,Estádio Olimpico Atahualpa,Quito,Equador,1,1,1,0,34,34,0
2010,1/4/09,Dunga-10,Dunga,3,Peru,0,1,0,0,W,Estádio Gigante da Beira-Rio,Porto Alegre,Brasil,1,1,1,0,35,35,0
2010,6/6/09,Dunga-10,Dunga,4,Uruguai,0,1,0,0,W,Estádio Centenario,Montevideo,Uruguai,1,1,1,0,36,36,0
2010,10/6/09,Dunga-10,Dunga,2,Paraguai,1,1,0,0,W,Estádio Colosso do Arruda,Recife,Brasil,1,1,1,0,37,37,0
2010,15/06/2009,Dunga-10,Dunga,4,Egito,3,1,0,0,W,Free State Stadium,Bloemfontein,África do Sul,1,1,0,0,38,38,0
2010,18/06/2009,Dunga-10,Dunga,3,Estados Unidos,0,1,0,0,W,Loftus Versfeld Stadium,Pretória,África do Sul,1,1,0,0,39,39,0
2010,21/06/2009,Dunga-10,Dunga,3,Itália,0,1,0,0,W,Loftus Versfeld Stadium,Pretória,África do Sul,1,1,0,0,40,40,0
2010,25/06/2009,Dunga-10,Dunga,1,África do Sul,0,1,0,0,W,Estádio Ellis Park,Johannesburg,África do Sul,1,1,0,0,41,41,0
2010,28/06/2009,Dunga-10,Dunga,3,Estados Unidos,2,1,0,0,W,Estádio Ellis Park,Johannesburg,África do Sul,1,1,0,0,42,42,0
2010,12/8/09,Dunga-10,Dunga,1,Estônia,0,1,0,0,W,A. Le Coq Arenal,Tallinn,Estônia,1,0,0,0,43,43,0
2010,5/9/09,Dunga-10,Dunga,3,Argentina,1,1,0,0,W,Estádio Gigante de Arroyito,Rosario,Argentina,1,1,1,0,44,44,0
2010,9/9/09,Dunga-10,Dunga,4,Chile,2,1,0,0,W,Estádio Pituaçu,Salvador,Brasil,1,1,1,0,45,45,0
2010,11/10/09,Dunga-10,Dunga,1,Bolívia,2,0,1,0,L,Estádio Hernando Siles,La Paz,Bolívia,1,1,1,0,46,46,0
2010,14/10/2009,Dunga-10,Dunga,0,Venezuela,0,0,0,1,D,Estádio Pedro Pedrossian,Campo Grande,Brasil,1,1,1,0,47,47,0
2010,14/11/2009,Dunga-10,Dunga,1,Inglaterra,0,1,0,0,W,Khalifa Stadium,Doha,Catar,1,0,0,0,48,48,0
2010,17/11/2009,Dunga-10,Dunga,2,Omã,0,1,0,0,W,Sultan Qaboos Sports Complex,Muscat,Omã,1,0,0,0,49,49,0
2010,2/3/10,Dunga-10,Dunga,2,Irlanda,0,1,0,0,W,Emirates Stadium,London,Inglaterra,1,0,0,0,50,50,0
2010,2/6/10,Dunga-10,Dunga,3,Zimbábue,0,1,0,0,W,Estádio National Sports,Harare,Zimbábue,1,0,0,0,51,51,0
2010,7/6/10,Dunga-10,Dunga,5,Tanzânia,1,1,0,0,W,Estádio Benjamin Mkapa National,Dar-Es-Salaam,Tanzânia,1,0,0,0,52,52,0
2014,6/2/13,Scolari-14,Luiz Felipe Scolari,1,Inglaterra,2,0,1,0,L,Estádio de Wembley,London,Inglaterra,1,0,0,0,1,25,7
2014,21/03/2013,Scolari-14,Luiz Felipe Scolari,2,Itália,2,0,0,1,D,Stade de Genève,Genève,Suíça,1,0,0,0,2,26,7
2014,25/03/2013,Scolari-14,Luiz Felipe Scolari,1,Rússia,1,0,0,1,D,Stamford Bridge,London,Inglaterra,1,0,0,0,3,27,7
2014,6/4/13,Scolari-14,Luiz Felipe Scolari,4,Bolívia,0,1,0,0,W,Estádio Tahuichi Aguilera,Santa Cruz de La Sierra,Bolívia,1,0,0,0,4,28,7
2014,24/04/2013,Scolari-14,Luiz Felipe Scolari,2,Chile,2,0,0,1,D,Estádio Mineirão,Belo Horizonte,Brasil,1,0,0,0,5,29,7
2014,2/6/13,Scolari-14,Luiz Felipe Scolari,2,Inglaterra,2,0,0,1,D,Estádio do Maracanã,Rio de Janeiro,Brasil,1,0,0,0,6,30,7
2014,9/6/13,Scolari-14,Luiz Felipe Scolari,3,França,0,1,0,0,W,Arena do Grêmio,Porto Alegre,Brasil,1,0,0,0,7,31,7
2014,15/06/2013,Scolari-14,Luiz Felipe Scolari,3,Japão,0,1,0,0,W,Estádio Nacional Mané Garrincha,Brasília,Brasil,1,1,0,0,8,32,7
2014,19/06/2013,Scolari-14,Luiz Felipe Scolari,2,México,0,1,0,0,W,Estádio Castelão,Fortaleza,Brasil,1,1,0,0,9,33,7
2014,22/06/2013,Scolari-14,Luiz Felipe Scolari,4,Itália,2,1,0,0,W,Estádio da Fonte Nova,Salvador,Brasil,1,1,0,0,10,34,7
2014,26/06/2013,Scolari-14,Luiz Felipe Scolari,2,Uruguai,1,1,0,0,W,Estádio Mineirão,Belo Horizonte,Brasil,1,1,0,0,11,35,7
2014,30/06/2013,Scolari-14,Luiz Felipe Scolari,3,Espanha,0,1,0,0,W,Estádio do Maracanã,Rio de Janeiro,Brasil,1,1,0,0,12,36,7
2014,14/08/2013,Scolari-14,Luiz Felipe Scolari,0,Suíça,1,0,1,0,L,St,Basel,Suíça,1,0,0,0,13,37,7
2014,7/9/13,Scolari-14,Luiz Felipe Scolari,6,Austrália,0,1,0,0,W,Estádio Nacional Mané Garrincha,Brasília,Brasil,1,0,0,0,14,38,7
2014,10/9/13,Scolari-14,Luiz Felipe Scolari,3,Portugal,1,1,0,0,W,Gillette Stadium,Foxborough,Estados Unidos,1,0,0,0,15,39,7
2014,12/10/13,Scolari-14,Luiz Felipe Scolari,2,Coréia do Sul,0,1,0,0,W,Seoul World Cup Stadium,Seoul,Coréia do Sul,1,0,0,0,16,40,7
2014,15/10/2013,Scolari-14,Luiz Felipe Scolari,2,Zâmbia,0,1,0,0,W,National Stadium,Beijing,China,1,0,0,0,17,41,7
2014,16/11/2013,Scolari-14,Luiz Felipe Scolari,5,Honduras,0,1,0,0,W,Sun Life Stadium,Miami,Estados Unidos,1,0,0,0,18,42,7
2014,19/11/2013,Scolari-14,Luiz Felipe Scolari,2,Chile,1,1,0,0,W,Sky Dome,Toronto,Canadá,1,0,0,0,19,43,7
2014,5/3/14,Scolari-14,Luiz Felipe Scolari,5,África do Sul,0,1,0,0,W,Estádio Soccer City,Johannesburg,África do Sul,1,0,0,0,19,43,7
2014,3/6/14,Scolari-14,Luiz Felipe Scolari,4,Panamá,0,1,0,0,W,Estádio Serra Dourada,Goiânia,Brasil,1,0,0,0,20,44,7
2014,6/6/14,Scolari-14,Luiz Felipe Scolari,1,Sérvia,0,1,0,0,W,Estádio do Morumbi,São Paulo,Brasil,1,0,0,0,21,45,7
2018,1/9/16,Tite-18,Tite,3,Equador,0,1,0,0,W,Estádio Olímpico Atahualpa,Quito,Equador,1,1,1,0,1,1,0
2018,6/9/16,Tite-18,Tite,2,Colômbia,1,1,0,0,W,Arena Amazônia,Manaus,Brasil,1,1,1,0,2,2,0
2018,6/10/16,Tite-18,Tite,5,Bolívia,0,1,0,0,W,Arena das Dunas,Natal,Brasil,1,1,1,0,3,3,0
2018,11/10/16,Tite-18,Tite,2,Venezuela,0,1,0,0,W,Metropolitano de Mérida,Mérida,Venezuela,1,1,1,0,4,4,0
2018,10/11/16,Tite-18,Tite,3,Argentina,0,1,0,0,W,Estádio Mineirão,Belo Horizonte,Brasil,1,1,1,0,5,5,0
2018,15/11/2016,Tite-18,Tite,2,Peru,0,1,0,0,W,Estádio Nacional,Lima,Peru,1,1,1,0,6,6,0
2018,25/01/2017,Tite-18,Tite,1,Colômbia,0,1,0,0,W,Estádio Engenhão,Rio de Janeiro,Brasil,1,0,0,0,7,7,0
2018,23/03/2017,Tite-18,Tite,4,Uruguai,1,1,0,0,W,Centenário,Montevideo,Brasil,1,1,1,0,8,8,0
2018,28/03/2017,Tite-18,Tite,3,Paraguai,0,1,0,0,W,Arena Corinthians,São Paulo,Brasil,1,1,1,0,9,9,0
2018,9/6/17,Tite-18,Tite,0,Argentina,1,0,1,0,L,Melbourne Cricket Ground,Melbourne,Austrália,1,0,0,0,10,10,0
2018,13/06/2017,Tite-18,Tite,4,Austrália,0,1,0,0,W,Melbourne Cricket Ground,Melbourne,Austrália,1,0,0,0,11,11,0
2018,31/08/2017,Tite-18,Tite,2,Equador,0,1,0,0,W,Arena do Grêmio,Porto Alegre,Brasil,1,1,1,0,12,12,0
2018,5/9/17,Tite-18,Tite,1,Colômbia,1,0,0,1,D,Estadio Metropolitano Roberto Meléndez,Barranquilla,Colômbia,1,1,1,0,13,13,0
2018,5/10/17,Tite-18,Tite,0,Bolívia,0,0,0,1,D,Estádio Hernando Siles,La Paz,Bolívia,1,1,1,0,14,14,0
2018,10/10/17,Tite-18,Tite,3,Chile,0,1,0,0,W,Allianz Parque,São Paulo,Brasil,1,1,1,0,15,15,0
2018,10/11/17,Tite-18,Tite,3,Japão,1,1,0,0,W,Stade Pierre-Mauroy,Villeneuve-d'Ascq,França,1,0,0,0,16,16,0
2018,14/11/2017,Tite-18,Tite,0,Inglaterra,0,0,0,1,D,Wembley,Londres,Inglaterra,1,0,0,0,17,17,0
2018,23/03/2018,Tite-18,Tite,3,Rússia,0,1,0,0,W,Luzhniki Stadium,Moscou,Rússia,1,0,0,0,18,18,0
2018,27/03/2018,Tite-18,Tite,1,Alemanha,0,1,0,0,W,Olympiastadion,Berlim,Alemanha,1,0,0,0,19,19,0
2018,3/6/18,Tite-18,Tite,2,Croácia,0,1,0,0,W,Anfield Road,Liverpool,Inglaterra,1,0,0,0,20,20,0